K751808,0.13710532
K837351,0.4041664
K548114,0.13276832
K736156,0.12697683
K508080,0.12383815
K823422,0.42164505
K912220,0.41107658
K917925,0.43263647
K857768,0.13980573
K733855,0.14328294
K530927,0.16323148
K689281,0.52407235
K779910,0.43263647
K696152,0.9081333
K984423,0.13276832
K521601,0.15635073
K805248,0.488731
K896458,0.4041664
K802487,0.16323148
K619527,0.1295077
K653124,0.13276832
K977125,0.1295077
K885860,0.1295077
K669676,0.9081333
K915073,0.14328294
K632791,0.4041664
K815141,0.13980573
K867693,0.13276832
K961174,0.13276832
K688992,0.4041664
K547786,0.4041664
K726310,0.41107658
K963760,0.18727304
K926609,0.41107658
K884651,0.42562577
K644620,0.9081333
K677219,0.24785128
K725038,0.189365
K884425,0.13710532
K891429,0.17308779
K838479,0.42124715
K526004,0.13276832
K763596,0.91524804
K990929,0.9770107
K954837,0.7553803
K718970,0.42164505
K888726,0.15635073
K994955,0.13375461
K633153,0.18635762
K928121,0.13276832
K953945,0.42863902
K709629,0.41107658
K694845,0.15635073
K963281,0.1295077
K874326,0.1489301
K641920,0.13276832
K890217,0.91524804
K548035,0.13276832
K723452,0.44293913
K948363,0.12383815
K820239,0.15635073
K896590,0.5919188
K932037,0.41107658
K937754,0.9589416
K774408,0.16609986
K539470,0.13276832
K518293,0.12383815
K786774,0.13276832
K720003,0.41107658
K609473,0.4041664
K982436,0.13276832
K614020,0.41107658
K874108,0.6803714
K977085,0.42863902
K947599,0.41107658
K888551,0.63784325
K700222,0.17654426
K674517,0.4041664
K951596,0.16837037
K834937,0.7553803
K855476,0.4041664
K833208,0.9081333
K763287,0.12697683
K503978,0.41107658
K591416,0.42562577
K558625,0.13276832
K613758,0.42562577
K651230,0.42562577
K813321,0.90571773
K604105,0.4041664
K877024,0.91524804
K984122,0.4041664
K889986,0.4041664
K794185,0.43263647
K557118,0.5460635
K914279,0.41107658
K661078,0.6803714
K693776,0.14328294
K534207,0.41107658
K877484,0.92067677
K610918,0.13710532
K575118,0.44293913
K781836,0.4041664
K740446,0.41107658
K777229,0.17654426
K645863,0.14328294
K975623,0.7500537
K973462,0.42164505
K754902,0.1295077
K602728,0.21942884
K527217,0.12383815
K536045,0.42562577
K648967,0.1295077
K794589,0.42124715
K626635,0.9115665
K920875,0.19453306
K987278,0.6389323
K834490,0.13276832
K798363,0.9057927
K907249,0.13980573
K686713,0.41107658
K955872,0.13276832
K984811,0.23173875
K676484,0.16323148
K876097,0.4041664
K738209,0.14213338
K995912,0.42562577
K648054,0.1295077
K970986,0.13187689
K688465,0.14129326
K618821,0.1897671
K517990,0.42164505
K650218,0.21942884
K573337,0.41107658
K939159,0.12697683
K662189,0.41107658
K608686,0.41107658
K524468,0.9081333
K644051,0.43263647
K856737,0.41107658
K546575,0.42124715
K984464,0.42863902
K776034,0.41107658
K663765,0.42124715
K848337,0.42562577
K921077,0.43263647
K972618,0.4041664
K594517,0.14328294
K808518,0.59585094
K544136,0.4041664
K687788,0.23202942
K871344,0.14328294
K669598,0.42863902
K755360,0.24785128
K949342,0.13276832
K976992,0.41107658
K637949,0.41107658
K518995,0.12383815
K726877,0.13276832
K960270,0.7469626
K640917,0.41107658
K513072,0.27547377
K502427,0.69928443
K598923,0.13276832
K935230,0.88673
K844627,0.14328294
K722310,0.17654426
K621204,0.91524804
K519636,0.41107658
K512650,0.13276832
K528735,0.41107658
K936595,0.1295077
K760157,0.12383815
K913520,0.13276832
K973737,0.13375461
K601120,0.13785657
K585097,0.12383815
K804102,0.12383815
K991376,0.42562577
K656320,0.41107658
K626435,0.13276832
K662122,0.21942884
K647819,0.52407235
K952181,0.41107658
K768115,0.13518788
K617950,0.41107658
K967465,0.41107658
K511776,0.6389323
K992718,0.42562577
K982915,0.13710532
K796444,0.16323148
K523610,0.13785657
K901596,0.41107658
K972682,0.13375461
K777234,0.41107658
K813890,0.91524804
K870464,0.41107658
K610806,0.4041664
K819293,0.43263647
K543895,0.9081333
K898745,0.13276832
K864139,0.43263647
K599416,0.42562577
K994750,0.16323148
K930746,0.13276832
K710171,0.1295077
K845754,0.12383815
K967305,0.13375461
K643845,0.1523644
K932627,0.2581819
K979445,0.90571773
K728236,0.12383815
K808239,0.13276832
K501879,0.90571773
K926895,0.13375461
K542969,0.21942884
K564321,0.1295077
K901910,0.13710532
K908190,0.41107658
K746181,0.6389323
K567858,0.12697683
K656264,0.90571773
K757252,0.13980573
K705885,0.12697683
K876878,0.14870505
K591956,0.13276832
K623325,0.12383815
K651257,0.14129326
K725017,0.1295077
K759401,0.4041664
K605579,0.44293913
K645478,0.16837037
K695855,0.13276832
K739017,0.13980573
K531266,0.12697683
K734826,0.13276832
K818398,0.13980573
K539458,0.41107658
K883015,0.41107658
K600387,0.12383815
K931922,0.15635073
K860268,0.7469626
K591685,0.13276832
K958581,0.1897671
K858260,0.13980573
K718111,0.16323148
K943104,0.17566994
K704648,0.1458619
K523722,0.13276832
K563485,0.14328294
K843194,0.14328294
K618673,0.16323148
K936399,0.13980573
K645649,0.12697683
K943424,0.12383815
K955596,0.14328294
K585307,0.4041664
K869468,0.6389323
K982970,0.14328294
K586845,0.13276832
K567108,0.41107658
K624848,0.14129326
K728058,0.21942884
K679871,0.16323148
K606890,0.43263647
K971949,0.42562577
K930969,0.13276832
K610802,0.69928443
K549353,0.14129326
K546650,0.9115665
K715365,0.41107658
K994503,0.6416008
K676785,0.41107658
K836427,0.4041664
K621061,0.42164505
K601568,0.16323148
K508949,0.4041664
K990819,0.14328294
K688605,0.4041664
K778312,0.91524804
K522355,0.41107658
K691093,0.53161585
K897580,0.42863902
K623621,0.12383815
K559649,0.13276832
K920771,0.13276832
K572234,0.12383815
K885891,0.42164505
K505001,0.90571773
K822326,0.15635073
K938343,0.20110321
K775249,0.9081333
K996316,0.57439184
K714781,0.42562577
K557159,0.1295077
K509204,0.91524804
K503350,0.12383815
K767242,0.9081333
K652827,0.71422714
K691483,0.41107658
K935259,0.13276832
K852248,0.14328294
K647041,0.43263647
K967634,0.42164505
K652033,0.44334188
K519147,0.12383815
K668690,0.16323148
K787255,0.42562577
K595493,0.4041664
K817499,0.9081333
K813066,0.13276832
K553647,0.21942884
K569342,0.1295077
K622477,0.1295077
K643255,0.43263647
K757598,0.41107658
K854725,0.12697683
K989364,0.4041664
K762052,0.41107658
K997967,0.44293913
K767521,0.41107658
K556948,0.13276832
K568814,0.24140076
K811353,0.6430775
K648248,0.4041664
K855187,0.14328294
K784749,0.12697683
K798139,0.13276832
K793954,0.4041664
K779267,0.13980573
K502411,0.43263647
K800259,0.12383815
K630264,0.45041552
K827994,0.41107658
K839449,0.1295077
K834586,0.13980573
K939793,0.4041664
K871238,0.41107658
K759608,0.9322508
K868913,0.12383815
K553379,0.41107658
K521464,0.42562577
K852146,0.41107658
K770979,0.41107658
K604238,0.91300166
K923984,0.43263647
K846214,0.4041664
K721909,0.43263647
K629007,0.90571773
K787575,0.4041664
K871630,0.41107658
K775750,0.6803714
K540860,0.17566994
K722922,0.16323148
K641285,0.13276832
K962930,0.13276832
K938744,0.13710532
K951154,0.23173875
K887865,0.12383815
K768039,0.41107658
K596883,0.41107658
K596179,0.13276832
K832650,0.47073486
K524802,0.44293913
K968321,0.41107658
K861951,0.12383815
K758568,0.17847082
K950802,0.4041664
K849268,0.43263647
K533898,0.4041664
K963371,0.91524804
K793538,0.16323148
K722593,0.13980573
K518280,0.91300166
K540617,0.41107658
K751757,0.2068785
K543278,0.41107658
K815718,0.41107658
K562792,0.9057927
K687240,0.42124715
K710144,0.5555113
K983300,0.13276832
K830974,0.1295077
K980200,0.42562577
K649119,0.41107658
K863933,0.42863902
K790731,0.40219578
K794658,0.41107658
K662151,0.43263647
K613717,0.12383815
K714262,0.21942884
K588653,0.5460635
K690971,0.1295077
K572787,0.13276832
K598829,0.17308779
K713837,0.41107658
K527095,0.1295077
K821099,0.1458619
K555415,0.17871022
K881809,0.4041664
K595326,0.42562577
K770205,0.41107658
K567039,0.17654426
K914520,0.41107658
K560743,0.17654426
K788676,0.9081333
K646695,0.12383815
K723421,0.43263647
K581149,0.1295077
K687525,0.64718354
K513591,0.1423325
K610454,0.12383815
K918063,0.13785657
K521029,0.13710532
K579294,0.1458619
K572606,0.14015706
K510023,0.20876166
K917159,0.13276832
K949032,0.41107658
K857436,0.1295077
K981942,0.42562577
K748643,0.1295077
K944091,0.12697683
K765339,0.13785657
K764171,0.41107658
K685617,0.12697683
K561257,0.18365338
K528195,0.41107658
K939228,0.9081333
K598565,0.9776447
K660156,0.16323148
K552858,0.91300166
K619642,0.6803714
K540001,0.42124715
K923026,0.12383815
K973150,0.6803714
K584919,0.13375461
K576994,0.43892026
K656308,0.43263647
K745835,0.13980573
K584342,0.12697683
K743821,0.4041664
K592757,0.13276832
K834275,0.16323148
K562148,0.44334188
K755386,0.42863902
K592628,0.44334188
K753381,0.90571773
K580586,0.91843927
K519062,0.92244166
K835505,0.14328294
K529647,0.4041664
K513570,0.23494723
K805433,0.42562577
K922447,0.9115665
K780998,0.42562577
K571083,0.12383815
K692221,0.41107658
K600473,0.9081333
K648642,0.21942884
K577507,0.23494723
K909148,0.13980573
K908247,0.14328294
K560302,0.18611029
K638294,0.21942884
K525408,0.16323148
K569333,0.42562577
K591688,0.23501003
K788691,0.12697683
K663118,0.41107658
K925362,0.1295077
K513720,0.13187689
K943792,0.12697683
K669907,0.41107658
K785528,0.6803714
K915968,0.13169016
K774462,0.43263647
K920721,0.90571773
K958916,0.17308779
K876814,0.9139748
K680315,0.91524804
K818523,0.6210258
K684169,0.1897671
K752178,0.4041664
K820484,0.1295077
K742310,0.13276832
K800682,0.43263647
K599711,0.13276832
K525832,0.4041664
K739477,0.41107658
K904715,0.65539604
K644796,0.4041664
K932107,0.9671317
K911392,0.1295077
K851544,0.41107658
K799660,0.42863902
K954796,0.6389323
K844624,0.13276832
K633358,0.12697683
K992171,0.13276832
K938994,0.4041664
K949451,0.4041664
K642423,0.9081333
K853557,0.13276832
K534393,0.41107658
K756116,0.69928443
K817893,0.12697683
K848552,0.69928443
K885199,0.42863902
K911798,0.13785657
K703280,0.13276832
K678385,0.12383815
K814131,0.4041664
K568744,0.13710532
K971212,0.90571773
K553223,0.91300166
K704065,0.13518788
K873557,0.41107658
K712991,0.13276832
K675657,0.23501003
K940687,0.13276832
K554120,0.13375461
K633716,0.13276832
K518979,0.14328294
K796883,0.13276832
K920879,0.12383815
K769123,0.13710532
K581882,0.1897671
K615912,0.15635073
K712964,0.44334188
K780646,0.17654426
K880249,0.12697683
K973946,0.13980573
K903743,0.41107658
K944460,0.42562577
K680671,0.16323148
K785735,0.12697683
K791216,0.23202942
K659950,0.71422714
K901874,0.69928443
K961455,0.14328294
K798670,0.1295077
K656186,0.42164505
K964330,0.95028055
K634986,0.15635073
K960273,0.4041664
K530780,0.42124715
K755942,0.1295077
K769465,0.4041664
K871681,0.4041664
K871808,0.43892026
K995362,0.13276832
K876565,0.43263647
K769922,0.91524804
K769396,0.14870505
K500831,0.13375461
K867875,0.15635073
K563637,0.13276832
K689011,0.13980573
K798567,0.92067677
K535695,0.43263647
K718694,0.9139748
K740367,0.45041552
K902234,0.13375461
K973579,0.43263647
K787278,0.4041664
K773256,0.1458619
K640679,0.4041664
K943836,0.14328294
K836910,0.13375461
K643508,0.52407235
K901081,0.43263647
K569887,0.15635073
K890255,0.12383815
K745495,0.41107658
K690486,0.13980573
K827671,0.13375461
K760967,0.4041664
K814474,0.13276832
K920627,0.1295077
K733821,0.27223176
K667368,0.12383815
K761140,0.41107658
K824914,0.4041664
K541771,0.7553803
K854319,0.9081333
K734151,0.1295077
K647080,0.16323148
K525641,0.43263647
K563143,0.12383815
K598644,0.16323148
K804583,0.43263647
K886430,0.6803714
K997155,0.41107658
K625788,0.92067677
K592916,0.4041664
K784198,0.14129326
K799686,0.4041664
K775675,0.41107658
K878453,0.42863902
K843976,0.16837037
K816213,0.14328294
K765007,0.13169016
K634697,0.41107658
K909940,0.16323148
K685703,0.16323148
K662365,0.14328294
K523540,0.41107658
K648784,0.13276832
K914990,0.42124715
K732644,0.12383815
K998294,0.9081333
K941936,0.17654426
K674869,0.12383815
K952256,0.41107658
K624702,0.6389323
K744174,0.12383815
K873132,0.4041664
K864047,0.6924371
K566651,0.4041664
K737306,0.13276832
K880959,0.12697683
K735931,0.4041664
K928319,0.13276832
K931360,0.13187689
K757163,0.43263647
K893423,0.57439184
K761153,0.23173875
K596068,0.14213338
K600750,0.7662601
K678135,0.13710532
K754669,0.42863902
K989362,0.13276832
K869764,0.17566994
K818930,0.9081333
K962418,0.41107658
K922814,0.41107658
K508106,0.21942884
K504622,0.95429546
K643277,0.43263647
K607861,0.43263647
K734993,0.43263647
K712858,0.41107658
K932872,0.41107658
K897473,0.41107658
K823870,0.4041664
K858762,0.4041664
K672507,0.41107658
K522864,0.12383815
K992574,0.41107658
K661083,0.13187689
K776220,0.92244166
K875363,0.21942884
K563177,0.16323148
K668161,0.4041664
K532379,0.57439184
K646382,0.41107658
K626895,0.41107658
K811434,0.43263647
K808246,0.41107658
K537135,0.16609986
K502949,0.43263647
K892620,0.9081333
K851330,0.4041664
K952806,0.1295077
K669263,0.42562577
K983307,0.14328294
K988928,0.41107658
K973480,0.14129326
K651368,0.13276832
K840636,0.13276832
K583855,0.43263647
K726300,0.51042306
K724545,0.26163182
K503578,0.4041664
K540637,0.16323148
K564094,0.4041664
K667878,0.42124715
K775177,0.1295077
K791557,0.4041664
K730613,0.13276832
K539016,0.6803714
K510460,0.47073486
K783745,0.13980573
K736518,0.1295077
K905924,0.9081333
K929657,0.13276832
K817130,0.12383815
K639015,0.13980573
K992047,0.13276832
K718265,0.9081333
K716445,0.1295077
K808455,0.12383815
K533414,0.4041664
K929522,0.16323148
K818783,0.6389323
K852270,0.4041664
K523241,0.4041664
K820740,0.16837037
K655603,0.43263647
K759657,0.13276832
K702169,0.14129326
K728838,0.41107658
K911699,0.14870505
K792183,0.13980573
K566585,0.91524804
K869881,0.41107658
K951518,0.13276832
K851266,0.13276832
K756895,0.13710532
K992955,0.24785128
K806907,0.14328294
K901740,0.17308779
K619062,0.12383815
K667415,0.17654426
K652671,0.13169016
K599211,0.13276832
K744701,0.12383815
K781267,0.13276832
K513346,0.12697683
K786188,0.13375461
K799596,0.6210258
K861912,0.13276832
K645946,0.45041552
K900163,0.43263647
K551473,0.13980573
K816700,0.1295077
K617021,0.17566994
K546693,0.4041664
K514237,0.42562577
K817299,0.13276832
K964837,0.13276832
K964792,0.13276832
K952979,0.41107658
K910241,0.95028055
K750363,0.13375461
K598640,0.12697683
K932150,0.12383815
K770170,0.4041664
K828892,0.41107658
K937890,0.17566994
K911450,0.12383815
K964409,0.41107658
K757959,0.13276832
K533799,0.13710532
K703647,0.9081333
K937588,0.8135101
K855049,0.13710532
K803111,0.1523644
K648682,0.43263647
K674012,0.95429546
K775112,0.41107658
K694917,0.5555113
K697339,0.41107658
K820134,0.9081333
K980762,0.90571773
K771421,0.4041664
K509365,0.13276832
K956244,0.1523644
K536022,0.43892026
K925535,0.12697683
K662328,0.13276832
K911236,0.13276832
K515040,0.4041664
K528757,0.23202942
K695548,0.19453306
K860565,0.6389323
K536210,0.43263647
K735057,0.15635073
K655599,0.91524804
K942197,0.16323148
K742103,0.1295077
K768979,0.41107658
K661099,0.12383815
K869450,0.14328294
K876687,0.41107658
K612342,0.4041664
K932902,0.14328294
K812965,0.42863902
K974223,0.23173875
K926722,0.13276832
K928632,0.16323148
K515665,0.4041664
K953566,0.16323148
K731815,0.13710532
K830649,0.12383815
K927405,0.1295077
K524421,0.14129326
K530642,0.41107658
K582150,0.12383815
K868263,0.13276832
K728098,0.43263647
K597988,0.17654426
K643771,0.13276832
K743619,0.9081333
K503690,0.1295077
K676706,0.43263647
K923282,0.13276832
K989868,0.9081333
K533080,0.42863902
K502266,0.17566994
K618619,0.1295077
K954096,0.13375461
K646984,0.9081333
K789352,0.12383815
K759585,0.13980573
K918978,0.12383815
K722790,0.23494723
K767227,0.9081333
K850175,0.9081333
K522505,0.57439184
K904953,0.14328294
K716038,0.12383815
K724786,0.42562577
K815295,0.23494723
K769062,0.42562577
K526535,0.92067677
K962967,0.12383815
K768869,0.4041664
K910413,0.13276832
K745364,0.19453306
K977528,0.13276832
K633824,0.31827626
K534441,0.41107658
K819818,0.41107658
K925703,0.13276832
K980869,0.43263647
K719274,0.1295077
K978219,0.13980573
K648770,0.44293913
K609989,0.12697683
K874759,0.12383815
K916676,0.7553803
K694226,0.13276832
K743551,0.13980573
K573724,0.43263647
K737396,0.7713466
K778971,0.13276832
K906475,0.27547377
K924417,0.43263647
K846562,0.13169016
K595506,0.17332152
K531597,0.4041664
K542081,0.41107658
K705533,0.2581819
K834020,0.91524804
K745035,0.90571773
K613224,0.13276832
K948335,0.13980573
K561499,0.90571773
K977416,0.17332152
K891626,0.12697683
K635366,0.13276832
K915767,0.13710532
K664787,0.6803714
K788186,0.7713466
K681193,0.1458619
K864918,0.41107658
K750554,0.53804773
K537626,0.41107658
K721520,0.13276832
K813526,0.14328294
K995947,0.69928443
K975022,0.17654426
K830692,0.9081333
K787431,0.41107658
K969994,0.16323148
K930412,0.41107658
K961199,0.42863902
K839559,0.4041664
K619077,0.42863902
K685016,0.13375461
K854630,0.4041664
K847855,0.41107658
K828409,0.49648708
K626736,0.17332152
K866742,0.13980573
K697878,0.42562577
K756645,0.41107658
K557121,0.41107658
K911753,0.41107658
K904584,0.41107658
K893656,0.41107658
K872604,0.1295077
K684965,0.42562577
K942847,0.13276832
K512449,0.69928443
K900514,0.12383815
K532683,0.5599354
K626543,0.14328294
K503939,0.44334188
K646917,0.43263647
K982680,0.13276832
K566467,0.13276832
K763292,0.43263647
K559087,0.42562577
K513761,0.1295077
K814285,0.9139748
K980659,0.45646644
K817755,0.14129326
K634875,0.1295077
K926513,0.42863902
K628969,0.12697683
K693827,0.9565216
K945380,0.13276832
K737172,0.43263647
K650610,0.12383815
K740736,0.14129326
K908994,0.13980573
K597065,0.13169016
K562262,0.14129326
K814728,0.9081333
K972806,0.4041664
K933430,0.90571773
K855778,0.42562577
K508320,0.57439184
K946689,0.7553803
K891889,0.13276832
K559293,0.14328294
K707984,0.42562577
K566345,0.41107658
K710404,0.13276832
K636743,0.12697683
K843965,0.91524804
K757164,0.23501003
K967604,0.1295077
K550108,0.1295077
K938748,0.13276832
K970546,0.14328294
K776925,0.9081333
K930956,0.23494723
K964920,0.41107658
K558923,0.6803714
K916740,0.91524804
K945462,0.90571773
K800136,0.91300166
K841803,0.13375461
K754248,0.9139748
K667164,0.44293913
K949543,0.12697683
K580182,0.911698
K621291,0.13375461
K698429,0.14328294
K999466,0.91300166
K902573,0.12383815
K937468,0.5108309
K517925,0.13276832
K912905,0.23494723
K683234,0.4041664
K755983,0.17308779
K508962,0.42562577
K754793,0.41107658
K743107,0.42562577
K679355,0.41107658
K925544,0.41107658
K821009,0.1295077
K541933,0.42164505
K533037,0.4041664
K747778,0.13276832
K698255,0.1295077
K810857,0.42164505
K618408,0.1295077
K849881,0.12383815
K939066,0.15115485
K985449,0.45041552
K509878,0.14328294
K825337,0.44293913
K564508,0.17654426
K644595,0.9081333
K681783,0.41107658
K956451,0.13980573
K649426,0.43263647
K912742,0.12697683
K741894,0.42863902
K744492,0.42562577
K880758,0.1295077
K835312,0.41107658
K949559,0.4041664
K768210,0.13187689
K729866,0.12383815
K973245,0.42562577
K636236,0.1295077
K731537,0.41107658
K698336,0.13276832
K939844,0.9139748
K653534,0.41107658
K553977,0.41107658
K740478,0.4041664
K504210,0.41107658
K998640,0.1897671
K794793,0.4041664
K829910,0.41107658
K784676,0.13276832
K781600,0.17566994
K899062,0.12383815
K753481,0.13276832
K573940,0.42124715
K687361,0.69928443
K993349,0.42124715
K744231,0.90571773
K701220,0.5460635
K608119,0.15635073
K768515,0.41107658
K802946,0.13375461
K652432,0.92067677
K607642,0.14870505
K831958,0.42562577
K537609,0.1295077
K993232,0.12697683
K565121,0.69928443
K854009,0.14129326
K879662,0.14328294
K661843,0.17308779
K512113,0.13276832
K962474,0.42863902
K946425,0.12697683
K866739,0.13710532
K547474,0.90571773
K697423,0.15635073
K703943,0.13169016
K776204,0.41107658
K993593,0.44334188
K734490,0.41107658
K628175,0.17654426
K956736,0.13276832
K663624,0.41107658
K625803,0.9573395
K902882,0.42562577
K807776,0.911698
K998564,0.59585094
K523288,0.9791677
K695293,0.1295077
K965405,0.1295077
K511185,0.4041664
K867046,0.41107658
K987738,0.44334188
K552469,0.1295077
K722289,0.13187689
K798076,0.13980573
K999350,0.1423325
K589613,0.43263647
K568025,0.41107658
K858693,0.43263647
K641186,0.4041664
K905719,0.12383815
K782006,0.49280536
K538396,0.12697683
K701645,0.4041664
K522942,0.4041664
K532978,0.41107658
K621014,0.43263647
K810164,0.13187689
K991792,0.1295077
K782400,0.13518788
K569974,0.13187689
K945703,0.12383815
K619324,0.13375461
K872867,0.41107658
K521431,0.23173875
K746916,0.41107658
K912258,0.45041552
K941103,0.4041664
K512043,0.13375461
K842745,0.91300166
K992345,0.4041664
K851600,0.13785657
K738724,0.12697683
K757623,0.13276832
K686654,0.4041664
K583941,0.13276832
K631378,0.69928443
K821096,0.13375461
K669212,0.1295077
K653898,0.7838155
K949614,0.13169016
K953807,0.42562577
K502149,0.91300166
K633260,0.12697683
K876682,0.14328294
K551676,0.12697683
K770221,0.13375461
K998827,0.41107658
K737775,0.44334188
K628613,0.17566994
K542700,0.41107658
K683439,0.12697683
K538111,0.13710532
K951121,0.12697683
K646382,0.6803714
K663869,0.13187689
K804090,0.13276832
K612835,0.14213338
K581182,0.91524804
K523299,0.13710532
K976368,0.41107658
K841384,0.45041552
K918993,0.41107658
K518663,0.92644864
K789458,0.41107658
K998556,0.41107658
K514383,0.90571773
K758196,0.9081333
K519516,0.41107658
K778652,0.45041552
K504782,0.1295077
K802537,0.7500537
K630360,0.4041664
K868846,0.43263647
K632374,0.12697683
K787423,0.15635073
K824315,0.13276832
K605679,0.9081333
K660565,0.90571773
K982027,0.41107658
K975484,0.95429546
K909538,0.1295077
K745190,0.16323148
K662800,0.23494723
K977735,0.1295077
K704347,0.13375461
K902780,0.16323148
K700796,0.9115665
K972508,0.12697683
K978237,0.16323148
K632732,0.13375461
K916560,0.12383815
K659024,0.14870505
K701183,0.12383815
K640174,0.91524804
K866680,0.41107658
K617759,0.14328294
K954006,0.24785128
K534233,0.41107658
K536249,0.91300166
K853129,0.13276832
K624262,0.98237073
K778917,0.43263647
K726704,0.41107658
K842118,0.41107658
K578055,0.14129326
K816432,0.44293913
K762552,0.91524804
K511127,0.4041664
K652878,0.13375461
K644924,0.1523644
K923672,0.43263647
K971829,0.43263647
K763914,0.14129326
K609112,0.474406
K684136,0.12697683
K766435,0.6911522
K724210,0.91300166
K718303,0.43263647
K825622,0.13980573
K917256,0.91524804
K837104,0.13276832
K962419,0.4041664
K522941,0.13276832
K699367,0.12697683
K956981,0.41107658
K673312,0.42164505
K955894,0.4041664
K600188,0.41107658
K727458,0.13276832
K967704,0.41107658
K819010,0.42124715
K879432,0.91524804
K704947,0.4041664
K820381,0.13276832
K892906,0.9081333
K853073,0.4041664
K793117,0.6389323
K805409,0.17566994
K808208,0.42164505
K514041,0.14328294
K976314,0.9925575
K561251,0.43263647
K695220,0.488731
K944314,0.4041664
K523610,0.41107658
K916078,0.62674266
K729059,0.14328294
K919660,0.14328294
K695150,0.9081333
K998040,0.43263647
K548316,0.16837037
K837343,0.5919188
K507705,0.41107658
K597323,0.13187689
K879848,0.13375461
K523579,0.7109395
K605517,0.42863902
K797517,0.7553803
K801941,0.90571773
K664341,0.43263647
K664282,0.41107658
K706910,0.42863902
K778677,0.42124715
K686257,0.43263647
K589106,0.43263647
K947496,0.29246536
K591508,0.45041552
K773574,0.13375461
K668840,0.14328294
K950106,0.9789149
K939947,0.13375461
K696693,0.42124715
K899684,0.90571773
K966150,0.12697683
K594179,0.17566994
K508910,0.13375461
K602542,0.4041664
K613788,0.12383815
K832620,0.43263647
K652022,0.16323148
K807631,0.13276832
K638746,0.42562577
K777238,0.44293913
K636400,0.52407235
K912928,0.13276832
K525493,0.41107658
K700461,0.13276832
K665659,0.41107658
K708996,0.1295077
K856566,0.26257154
K645293,0.90571773
K835301,0.91524804
K692172,0.17654426
K938620,0.42863902
K617876,0.6803714
K712538,0.41107658
K893344,0.13980573
K905995,0.12697683
K837652,0.42562577
K529469,0.12383815
K585536,0.4041664
K740397,0.13375461
K563937,0.13276832
K597062,0.12697683
K560226,0.13187689
K735548,0.44293913
K754550,0.1897671
K644082,0.13276832
K948327,0.1295077
K533296,0.1295077
K746903,0.1295077
K988358,0.44293913
K874599,0.13980573
K800110,0.91524804
K758942,0.12383815
K655937,0.5599354
K782197,0.4041664
K735736,0.42863902
K853875,0.9366658
K534136,0.12697683
K609444,0.43263647
K973846,0.13710532
K601861,0.42164505
K532310,0.43263647
K908811,0.43263647
K854729,0.42562577
K795982,0.90571773
K683969,0.13276832
K658154,0.1295077
K587937,0.23494723
K893335,0.1295077
K853281,0.43263647
K855263,0.41107658
K990679,0.15635073
K695669,0.24785128
K724563,0.4041664
K588837,0.4041664
K517192,0.6924371
K525889,0.92644864
K992563,0.5420193
K779583,0.4041664
K580613,0.41107658
K731536,0.9139748
K937124,0.4041664
K620039,0.6389323
K863901,0.13276832
K546804,0.42562577
K526221,0.42562577
K712610,0.43263647
K823507,0.14129326
K889900,0.4041664
K812420,0.42562577
K869446,0.41107658
K842426,0.49280536
K655485,0.42562577
K991794,0.9081333
K892656,0.4041664
K691409,0.4041664
K948834,0.16323148
K861849,0.7713466
K661082,0.13980573
K580155,0.43263647
K917748,0.17308779
K525799,0.60972524
K917118,0.7553803
K662156,0.1897671
K549600,0.4041664
K678535,0.13276832
K515097,0.91300166
K608363,0.4041664
K562617,0.13375461
K650960,0.13276832
K824350,0.43263647
K981181,0.47073486
K551133,0.267892
K778978,0.17654426
K828088,0.16323148
K615290,0.13980573
K699037,0.60972524
K978912,0.16323148
K763608,0.6803714
K979632,0.91524804
K744908,0.9600537
K630945,0.45041552
K993904,0.1295077
K700278,0.42562577
K794268,0.4041664
K604197,0.14328294
K568890,0.12383815
K831463,0.1295077
K721135,0.21942884
K664050,0.12697683
K527942,0.4041664
K514756,0.1523644
K805345,0.12697683
K633399,0.13276832
K899559,0.13276832
K576207,0.42863902
K741420,0.12383815
K796714,0.13785657
K774254,0.60972524
K992706,0.12697683
K989471,0.13375461
K929261,0.41107658
K558778,0.488731
K742691,0.42164505
K808125,0.13276832
K679735,0.14328294
K883488,0.90400267
K618980,0.12383815
K647051,0.90571773
K798561,0.43263647
K721315,0.4041664
K764707,0.4041664
K591576,0.1295077
K524839,0.13375461
K500247,0.13276832
K702960,0.12383815
K544964,0.41107658
K637485,0.12383815
K547559,0.7553803
K805738,0.1371283
K820138,0.42863902
K657483,0.4041664
K594219,0.13276832
K844650,0.45041552
K699705,0.91524804
K903784,0.13276832
K568550,0.6389323
K863095,0.13276832
K889473,0.6416008
K525953,0.41107658
K680677,0.29246536
K508644,0.69928443
K988457,0.13375461
K613136,0.13276832
K840098,0.1523644
K624772,0.41107658
K757537,0.47847268
K902681,0.43263647
K929694,0.41107658
K972168,0.14328294
K876738,0.12383815
K785889,0.4041664
K735635,0.189365
K873098,0.1295077
K591059,0.42562577
K726822,0.14328294
K998470,0.42164505
K762779,0.4041664
K671736,0.9081333
K632600,0.41107658
K717728,0.61881906
K766888,0.12383815
K689673,0.6225191
K596680,0.95028055
K614165,0.42863902
K585714,0.12697683
K634262,0.16323148
K911521,0.42863902
K518929,0.13276832
K718817,0.13276832
K775238,0.41107658
K740208,0.20266865
K849060,0.13276832
K926649,0.12697683
K888331,0.1295077
K702855,0.41107658
K943552,0.9081333
K579027,0.1897671
K995920,0.41107658
K650723,0.13518788
K821092,0.13980573
K534601,0.13276832
K629481,0.43263647
K659299,0.42863902
K810907,0.14328294
K684505,0.43263647
K919248,0.41107658
K987777,0.44293913
K994886,0.13710532
K554074,0.68425906
K548223,0.13980573
K673861,0.41107658
K851759,0.23202942
K634852,0.13276832
K701524,0.41107658
K742061,0.9081333
K850161,0.16323148
K875225,0.13375461
K533607,0.12697683
K774278,0.41107658
K798988,0.1295077
K612478,0.43263647
K740612,0.1295077
K644661,0.14328294
K641486,0.24785128
K741977,0.44293913
K939461,0.41107658
K746812,0.21942884
K636354,0.13169016
K832239,0.17654426
K775820,0.14129326
K951210,0.42164505
K831902,0.42164505
K997934,0.7469626
K840819,0.13276832
K920124,0.16837037
K632410,0.7713466
K797632,0.45041552
K577007,0.43263647
K921205,0.1295077
K564779,0.95822954
K839234,0.1295077
K785453,0.1295077
K516647,0.9794977
K680036,0.1295077
K829126,0.41107658
K820075,0.7553803
K803314,0.13169016
K811791,0.9794977
K837754,0.42863902
K740914,0.9081333
K574453,0.91300166
K681272,0.13276832
K833225,0.9081333
K971655,0.91524804
K515709,0.13276832
K659847,0.12697683
K625336,0.42124715
K594970,0.13276832
K916315,0.2448245
K594557,0.1523644
K973882,0.41107658
K592002,0.42562577
K752499,0.12383815
K958647,0.13710532
K628218,0.14870505
K873498,0.2581819
K661138,0.2581819
K685375,0.42164505
K629207,0.42863902
K586523,0.1604878
K524882,0.6803714
K800276,0.41107658
K950331,0.20876166
K584761,0.60972524
K659896,0.41107658
K565316,0.43268406
K741724,0.37697637
K690887,0.43263647
K938813,0.14328294
K755369,0.17654426
K968689,0.1897671
K850756,0.13276832
K695682,0.41107658
K843794,0.4041664
K677078,0.905548
K692670,0.41107658
K642533,0.4041664
K779115,0.12383815
K545728,0.41107658
K538637,0.42164505
K633551,0.12697683
K810249,0.6803714
K695563,0.18635762
K709162,0.42562577
K732622,0.13187689
K502495,0.1295077
K877405,0.37697637
K570807,0.21942884
K644840,0.41107658
K541984,0.90571773
K627537,0.17654426
K660012,0.41107658
K631841,0.13375461
K958194,0.1295077
K701637,0.13276832
K623674,0.13276832
K859222,0.16323148
K891895,0.41107658
K791214,0.41107658
K854700,0.13276832
K667624,0.42863902
K856157,0.45041552
K500790,0.1295077
K534506,0.41107658
K844039,0.14129326
K894380,0.1295077
K705518,0.16837037
K564784,0.9853136
K513946,0.1295077
K804459,0.1295077
K667218,0.13980573
K645652,0.4041664
K588080,0.16323148
K799300,0.4041664
K941506,0.45041552
K766673,0.9081333
K796571,0.43892026
K735172,0.9776447
K848826,0.1295077
K863494,0.41107658
K715573,0.12383815
K681717,0.42124715
K684789,0.41107658
K856470,0.13276832
K958300,0.91524804
K632996,0.16323148
K831538,0.13276832
K955080,0.43263647
K597512,0.1897671
K888527,0.17654426
K900153,0.13375461
K727388,0.43263647
K604056,0.18611029
K800570,0.41107658
K524847,0.1295077
K819196,0.16323148
K573444,0.1523644
K779687,0.13785657
K899685,0.4041664
K540562,0.65539604
K638302,0.16837037
K854218,0.13276832
K844939,0.45041552
K775219,0.13187689
K995580,0.42562577
K656616,0.3110904
K515067,0.42863902
K976977,0.1295077
K917521,0.4041664
K596388,0.41107658
K653791,0.42164505
K949608,0.4041664
K783330,0.91856134
K739907,0.13980573
K944586,0.44293913
K949898,0.4041664
K596554,0.4041664
K792637,0.42863902
K574999,0.4041664
K676674,0.90400267
K530610,0.41107658
K531004,0.13276832
K816842,0.42124715
K664617,0.41107658
K666447,0.13375461
K540838,0.42164505
K583211,0.12383815
K528646,0.21942884
K628409,0.42562577
K838095,0.16323148
K726506,0.12383815
K882026,0.42562577
K554134,0.52407235
K685540,0.12383815
K862467,0.4111236
K591663,0.43263647
K679436,0.6803714
K876161,0.4041664
K628081,0.43263647
K630988,0.43263647
K541117,0.41107658
K621700,0.17566994
K643917,0.16837037
K980530,0.43263647
K642830,0.9081333
K974228,0.12383815
K572593,0.41107658
K796802,0.1295077
K923986,0.14328294
K885168,0.14328294
K608768,0.65539604
K639398,0.13276832
K570580,0.69584507
K924376,0.1295077
K749867,0.14328294
K823366,0.41107658
K871120,0.13276832
K840273,0.1897671
K749728,0.44293913
K608723,0.42124715
K553721,0.42863902
K518774,0.41107658
K801738,0.6416008
K837369,0.99318296
K747598,0.13276832
K847550,0.41107658
K532157,0.13710532
K840633,0.13276832
K639822,0.42562577
K643169,0.13276832
K888866,0.42863902
K596439,0.12383815
K954656,0.41107658
K720469,0.21942884
K810516,0.13276832
K688801,0.41107658
K731117,0.91300166
K708258,0.14129326
K504535,0.42562577
K554673,0.91300166
K928773,0.43263647
K807342,0.42562577
K989180,0.1295077
K523923,0.42164505
K643238,0.90571773
K550375,0.1295077
K915523,0.13276832
K949854,0.42562577
K975769,0.42164505
K599643,0.4041664
K637977,0.42124715
K837230,0.13276832
K606433,0.9081333
K927419,0.14328294
K808449,0.13785657
K764149,0.4041664
K823481,0.13276832
K562973,0.91300166
K590087,0.1295077
K888162,0.91300166
K987214,0.1295077
K956537,0.90571773
K978520,0.41107658
K840320,0.7662601
K680734,0.4041664
K582528,0.6305487
K975153,0.43263647
K802558,0.7500537
K900616,0.13276832
K779392,0.13276832
K947277,0.13375461
K888520,0.14328294
K687794,0.13276832
K813825,0.96420217
K548779,0.9770107
K613611,0.41107658
K554225,0.41107658
K872291,0.14328294
K762123,0.43263647
K588314,0.41107658
K826807,0.42562577
K982731,0.41107658
K623037,0.42562577
K883413,0.13375461
