ID,PRED
K751808,0.389895385758484
K837351,0.40187824047659787
K548114,0.389895385758484
K736156,0.39162548675106007
K508080,0.389895385758484
K823422,0.40187824047659787
K912220,0.40187824047659787
K917925,0.40187824047659787
K857768,0.389895385758484
K733855,0.389895385758484
K530927,0.389895385758484
K689281,0.4506403881137699
K779910,0.40187824047659787
K696152,0.6590400961065122
K984423,0.3901599820751271
K521601,0.41688584445604243
K805248,0.5170105171945738
K896458,0.40187824047659787
K802487,0.389895385758484
K619527,0.389895385758484
K653124,0.39162548675106007
K977125,0.389895385758484
K885860,0.39162548675106007
K669676,0.6590400961065122
K915073,0.389895385758484
K632791,0.40187824047659787
K815141,0.389895385758484
K867693,0.389895385758484
K961174,0.389895385758484
K688992,0.40187824047659787
K547786,0.40187824047659787
K726310,0.40187824047659787
K963760,0.389895385758484
K926609,0.40187824047659787
K884651,0.40187824047659787
K644620,0.6590400961065122
K677219,0.5050276624764599
K725038,0.389895385758484
K884425,0.389895385758484
K891429,0.39162548675106007
K838479,0.4288686991741564
K526004,0.389895385758484
K763596,0.6590400961065122
K990929,0.7240882810973018
K954837,0.5467656160423753
K718970,0.40187824047659787
K888726,0.389895385758484
K994955,0.389895385758484
K633153,0.389895385758484
K928121,0.389895385758484
K953945,0.40187824047659787
K709629,0.40187824047659787
K694845,0.389895385758484
K963281,0.389895385758484
K874326,0.5349722346049502
K641920,0.389895385758484
K890217,0.6590400961065122
K548035,0.389895385758484
K723452,0.40187824047659787
K948363,0.389895385758484
K820239,0.389895385758484
K896590,0.545224988330488
K932037,0.40187824047659787
K937754,0.7240882810973018
K774408,0.389895385758484
K539470,0.3901599820751271
K518293,0.389895385758484
K786774,0.389895385758484
K720003,0.40187824047659787
K609473,0.40187824047659787
K982436,0.389895385758484
K614020,0.40187824047659787
K874108,0.5170105171945738
K977085,0.40360834146917407
K947599,0.40187824047659787
K888551,0.5170105171945738
K700222,0.389895385758484
K674517,0.40187824047659787
K951596,0.389895385758484
K834937,0.5467656160423753
K855476,0.40187824047659787
K833208,0.6607701970990882
K763287,0.389895385758484
K503978,0.40187824047659787
K591416,0.40187824047659787
K558625,0.389895385758484
K613758,0.40187824047659787
K651230,0.40360834146917407
K813321,0.6607701970990882
K604105,0.40187824047659787
K877024,0.6590400961065122
K984122,0.40187824047659787
K889986,0.40187824047659787
K794185,0.40187824047659787
K557118,0.4288686991741564
K914279,0.40187824047659787
K661078,0.545224988330488
K693776,0.389895385758484
K534207,0.40187824047659787
K877484,0.6607701970990882
K610918,0.389895385758484
K575118,0.5387822061341873
K781836,0.40187824047659787
K740446,0.40187824047659787
K777229,0.389895385758484
K645863,0.389895385758484
K975623,0.5467656160423753
K973462,0.40187824047659787
K754902,0.39162548675106007
K602728,0.389895385758484
K527217,0.39162548675106007
K536045,0.40187824047659787
K648967,0.3901599820751271
K794589,0.4288686991741564
K626635,0.6860305548040705
K920875,0.43865753339565594
K987278,0.545224988330488
K834490,0.389895385758484
K798363,0.7907161913822364
K907249,0.389895385758484
K686713,0.40187824047659787
K955872,0.3901599820751271
K984811,0.4403876343882321
K676484,0.389895385758484
K876097,0.40187824047659787
K738209,0.47803720377890146
K995912,0.40187824047659787
K648054,0.389895385758484
K970986,0.41688584445604243
K688465,0.39162548675106007
K618821,0.389895385758484
K517990,0.40187824047659787
K650218,0.3901599820751271
K573337,0.40187824047659787
K939159,0.389895385758484
K662189,0.40187824047659787
K608686,0.40360834146917407
K524468,0.6590400961065122
K644051,0.40187824047659787
K856737,0.402142836793241
K546575,0.4288686991741564
K984464,0.40187824047659787
K776034,0.40187824047659787
K663765,0.4288686991741564
K848337,0.40187824047659787
K921077,0.40187824047659787
K972618,0.40187824047659787
K594517,0.389895385758484
K808518,0.545224988330488
K544136,0.40187824047659787
K687788,0.389895385758484
K871344,0.39162548675106007
K669598,0.40360834146917407
K755360,0.41688584445604243
K949342,0.389895385758484
K976992,0.40187824047659787
K637949,0.40187824047659787
K518995,0.389895385758484
K726877,0.39162548675106007
K960270,0.389895385758484
K640917,0.40187824047659787
K513072,0.5267993514160733
K502427,0.545224988330488
K598923,0.389895385758484
K935230,0.6669993540683329
K844627,0.389895385758484
K722310,0.39162548675106007
K621204,0.6590400961065122
K519636,0.40187824047659787
K512650,0.389895385758484
K528735,0.40187824047659787
K936595,0.389895385758484
K760157,0.389895385758484
K913520,0.389895385758484
K973737,0.389895385758484
K601120,0.3901599820751271
K585097,0.389895385758484
K804102,0.389895385758484
K991376,0.40187824047659787
K656320,0.40187824047659787
K626435,0.389895385758484
K662122,0.3901599820751271
K647819,0.5170105171945738
K952181,0.40187824047659787
K768115,0.389895385758484
K617950,0.40187824047659787
K967465,0.40187824047659787
K511776,0.545224988330488
K992718,0.40187824047659787
K982915,0.389895385758484
K796444,0.389895385758484
K523610,0.39162548675106007
K901596,0.40187824047659787
K972682,0.389895385758484
K777234,0.40187824047659787
K813890,0.6590400961065122
K870464,0.40360834146917407
K610806,0.450904984430413
K819293,0.40187824047659787
K543895,0.6590400961065122
K898745,0.39162548675106007
K864139,0.40187824047659787
K599416,0.40187824047659787
K994750,0.389895385758484
K930746,0.389895385758484
K710171,0.389895385758484
K845754,0.39162548675106007
K967305,0.389895385758484
K643845,0.39162548675106007
K932627,0.41688584445604243
K979445,0.6590400961065122
K728236,0.389895385758484
K808239,0.389895385758484
K501879,0.6590400961065122
K926895,0.389895385758484
K542969,0.389895385758484
K564321,0.389895385758484
K901910,0.389895385758484
K908190,0.40187824047659787
K746181,0.545489584647131
K567858,0.389895385758484
K656264,0.6590400961065122
K757252,0.389895385758484
K705885,0.389895385758484
K876878,0.389895385758484
K591956,0.39162548675106007
K623325,0.389895385758484
K651257,0.389895385758484
K725017,0.389895385758484
K759401,0.40187824047659787
K605579,0.40187824047659787
K645478,0.389895385758484
K695855,0.39162548675106007
K739017,0.389895385758484
K531266,0.389895385758484
K734826,0.389895385758484
K818398,0.39162548675106007
K539458,0.40187824047659787
K883015,0.40360834146917407
K600387,0.389895385758484
K931922,0.389895385758484
K860268,0.3901599820751271
K591685,0.389895385758484
K958581,0.389895385758484
K858260,0.389895385758484
K718111,0.389895385758484
K943104,0.41688584445604243
K704648,0.389895385758484
K523722,0.389895385758484
K563485,0.389895385758484
K843194,0.389895385758484
K618673,0.39162548675106007
K936399,0.389895385758484
K645649,0.39162548675106007
K943424,0.389895385758484
K955596,0.389895385758484
K585307,0.40187824047659787
K869468,0.545224988330488
K982970,0.389895385758484
K586845,0.389895385758484
K567108,0.40187824047659787
K624848,0.389895385758484
K728058,0.389895385758484
K679871,0.389895385758484
K606890,0.40187824047659787
K971949,0.40187824047659787
K930969,0.39162548675106007
K610802,0.4288686991741564
K549353,0.39162548675106007
K546650,0.7080668400603272
K715365,0.40187824047659787
K994503,0.40187824047659787
K676785,0.40360834146917407
K836427,0.40187824047659787
K621061,0.40187824047659787
K601568,0.39162548675106007
K508949,0.40187824047659787
K990819,0.3901599820751271
K688605,0.40187824047659787
K778312,0.6590400961065122
K522355,0.402142836793241
K691093,0.545224988330488
K897580,0.40187824047659787
K623621,0.389895385758484
K559649,0.39162548675106007
K920771,0.389895385758484
K572234,0.389895385758484
K885891,0.40187824047659787
K505001,0.6590400961065122
K822326,0.389895385758484
K938343,0.39162548675106007
K775249,0.6590400961065122
K996316,0.545224988330488
K714781,0.40187824047659787
K557159,0.389895385758484
K509204,0.6590400961065122
K503350,0.389895385758484
K767242,0.6590400961065122
K652827,0.545224988330488
K691483,0.40187824047659787
K935259,0.389895385758484
K852248,0.39162548675106007
K647041,0.40187824047659787
K967634,0.40187824047659787
K652033,0.40360834146917407
K519147,0.389895385758484
K668690,0.389895385758484
K787255,0.40187824047659787
K595493,0.40360834146917407
K817499,0.6607701970990882
K813066,0.39162548675106007
K553647,0.39869396186428785
K569342,0.389895385758484
K622477,0.389895385758484
K643255,0.40187824047659787
K757598,0.40187824047659787
K854725,0.389895385758484
K989364,0.40187824047659787
K762052,0.40187824047659787
K997967,0.40187824047659787
K767521,0.40187824047659787
K556948,0.39162548675106007
K568814,0.41688584445604243
K811353,0.4403876343882321
K648248,0.40187824047659787
K855187,0.389895385758484
K784749,0.389895385758484
K798139,0.389895385758484
K793954,0.40187824047659787
K779267,0.389895385758484
K502411,0.40187824047659787
K800259,0.39162548675106007
K630264,0.40187824047659787
K827994,0.40187824047659787
K839449,0.389895385758484
K834586,0.389895385758484
K939793,0.40360834146917407
K871238,0.40187824047659787
K759608,0.6590400961065122
K868913,0.39162548675106007
K553379,0.40360834146917407
K521464,0.40187824047659787
K852146,0.402142836793241
K770979,0.40187824047659787
K604238,0.6590400961065122
K923984,0.40187824047659787
K846214,0.402142836793241
K721909,0.40187824047659787
K629007,0.6590400961065122
K787575,0.40187824047659787
K871630,0.40187824047659787
K775750,0.5387822061341873
K540860,0.389895385758484
K722922,0.3901599820751271
K641285,0.389895385758484
K962930,0.389895385758484
K938744,0.39162548675106007
K951154,0.41688584445604243
K887865,0.39162548675106007
K768039,0.40187824047659787
K596883,0.40187824047659787
K596179,0.39162548675106007
K832650,0.40187824047659787
K524802,0.5387822061341873
K968321,0.40187824047659787
K861951,0.389895385758484
K758568,0.5050276624764599
K950802,0.40187824047659787
K849268,0.40187824047659787
K533898,0.4288686991741564
K963371,0.6590400961065122
K793538,0.3901599820751271
K722593,0.389895385758484
K518280,0.6590400961065122
K540617,0.40187824047659787
K751757,0.389895385758484
K543278,0.40360834146917407
K815718,0.402142836793241
K562792,0.7889860903896603
K687240,0.5387822061341873
K710144,0.5405123071267633
K983300,0.389895385758484
K830974,0.389895385758484
K980200,0.40187824047659787
K649119,0.40187824047659787
K863933,0.40360834146917407
K790731,0.44439296508009923
K794658,0.40187824047659787
K662151,0.40187824047659787
K613717,0.39162548675106007
K714262,0.389895385758484
K588653,0.5387822061341873
K690971,0.389895385758484
K572787,0.39162548675106007
K598829,0.41688584445604243
K713837,0.40187824047659787
K527095,0.389895385758484
K821099,0.389895385758484
K555415,0.39162548675106007
K881809,0.40187824047659787
K595326,0.40360834146917407
K770205,0.40360834146917407
K567039,0.389895385758484
K914520,0.40187824047659787
K560743,0.389895385758484
K788676,0.6590400961065122
K646695,0.389895385758484
K723421,0.40187824047659787
K581149,0.39162548675106007
K687525,0.389895385758484
K513591,0.3901599820751271
K610454,0.389895385758484
K918063,0.389895385758484
K521029,0.389895385758484
K579294,0.3901599820751271
K572606,0.533242133612374
K510023,0.41688584445604243
K917159,0.3901599820751271
K949032,0.40187824047659787
K857436,0.389895385758484
K981942,0.40187824047659787
K748643,0.389895385758484
K944091,0.389895385758484
K765339,0.3901599820751271
K764171,0.40360834146917407
K685617,0.389895385758484
K561257,0.41688584445604243
K528195,0.40360834146917407
K939228,0.6607701970990882
K598565,0.7240882810973018
K660156,0.389895385758484
K552858,0.6590400961065122
K619642,0.545224988330488
K540001,0.5170105171945738
K923026,0.389895385758484
K973150,0.4305988001667325
K584919,0.389895385758484
K576994,0.5038057914709754
K656308,0.40187824047659787
K745835,0.389895385758484
K584342,0.389895385758484
K743821,0.40360834146917407
K592757,0.389895385758484
K834275,0.39162548675106007
K562148,0.40187824047659787
K755386,0.402142836793241
K592628,0.402142836793241
K753381,0.6590400961065122
K580586,0.8023868439604022
K519062,0.8023868439604022
K835505,0.389895385758484
K529647,0.40187824047659787
K513570,0.389895385758484
K805433,0.402142836793241
K922447,0.7962086580807446
K780998,0.40187824047659787
K571083,0.389895385758484
K692221,0.40187824047659787
K600473,0.6590400961065122
K648642,0.389895385758484
K577507,0.389895385758484
K909148,0.389895385758484
K908247,0.389895385758484
K560302,0.43865753339565594
K638294,0.389895385758484
K525408,0.389895385758484
K569333,0.40187824047659787
K591688,0.533242133612374
K788691,0.389895385758484
K663118,0.40187824047659787
K925362,0.389895385758484
K513720,0.389895385758484
K943792,0.389895385758484
K669907,0.40187824047659787
K785528,0.4506403881137699
K915968,0.48102335283625436
K774462,0.40187824047659787
K920721,0.6590400961065122
K958916,0.389895385758484
K876814,0.6590400961065122
K680315,0.6607701970990882
K818523,0.5387822061341873
K684169,0.389895385758484
K752178,0.40360834146917407
K820484,0.39162548675106007
K742310,0.389895385758484
K800682,0.40187824047659787
K599711,0.389895385758484
K525832,0.40360834146917407
K739477,0.40187824047659787
K904715,0.545224988330488
K644796,0.402142836793241
K932107,0.8023868439604022
K911392,0.39162548675106007
K851544,0.40187824047659787
K799660,0.40187824047659787
K954796,0.545224988330488
K844624,0.389895385758484
K633358,0.389895385758484
K992171,0.389895385758484
K938994,0.40360834146917407
K949451,0.40187824047659787
K642423,0.6607701970990882
K853557,0.389895385758484
K534393,0.40187824047659787
K756116,0.5387822061341873
K817893,0.39162548675106007
K848552,0.545224988330488
K885199,0.402142836793241
K911798,0.389895385758484
K703280,0.389895385758484
K678385,0.389895385758484
K814131,0.40187824047659787
K568744,0.389895385758484
K971212,0.6590400961065122
K553223,0.6590400961065122
K704065,0.389895385758484
K873557,0.40187824047659787
K712991,0.389895385758484
K675657,0.5335067299290172
K940687,0.389895385758484
K554120,0.389895385758484
K633716,0.389895385758484
K518979,0.389895385758484
K796883,0.389895385758484
K920879,0.389895385758484
K769123,0.3901599820751271
K581882,0.39162548675106007
K615912,0.389895385758484
K712964,0.40360834146917407
K780646,0.389895385758484
K880249,0.389895385758484
K973946,0.389895385758484
K903743,0.40360834146917407
K944460,0.40187824047659787
K680671,0.389895385758484
K785735,0.389895385758484
K791216,0.389895385758484
K659950,0.48654448825632046
K901874,0.545224988330488
K961455,0.39162548675106007
K798670,0.389895385758484
K656186,0.40187824047659787
K964330,0.8023868439604022
K634986,0.39162548675106007
K960273,0.40187824047659787
K530780,0.5234532993908746
K755942,0.39162548675106007
K769465,0.40360834146917407
K871681,0.40187824047659787
K871808,0.5390468024508304
K995362,0.389895385758484
K876565,0.40187824047659787
K769922,0.6590400961065122
K769396,0.39162548675106007
K500831,0.389895385758484
K867875,0.389895385758484
K563637,0.389895385758484
K689011,0.3901599820751271
K798567,0.6593046924231553
K535695,0.40187824047659787
K718694,0.6607701970990882
K740367,0.40187824047659787
K902234,0.389895385758484
K973579,0.40187824047659787
K787278,0.40187824047659787
K773256,0.389895385758484
K640679,0.40187824047659787
K943836,0.389895385758484
K836910,0.389895385758484
K643508,0.40187824047659787
K901081,0.40187824047659787
K569887,0.3901599820751271
K890255,0.389895385758484
K745495,0.40187824047659787
K690486,0.389895385758484
K827671,0.389895385758484
K760967,0.40187824047659787
K814474,0.389895385758484
K920627,0.389895385758484
K733821,0.43865753339565594
K667368,0.389895385758484
K761140,0.40187824047659787
K824914,0.40187824047659787
K541771,0.5467656160423753
K854319,0.6590400961065122
K734151,0.389895385758484
K647080,0.389895385758484
K525641,0.40360834146917407
K563143,0.389895385758484
K598644,0.389895385758484
K804583,0.40187824047659787
K886430,0.5387822061341873
K997155,0.40187824047659787
K625788,0.6590400961065122
K592916,0.40187824047659787
K784198,0.389895385758484
K799686,0.40187824047659787
K775675,0.40187824047659787
K878453,0.40187824047659787
K843976,0.389895385758484
K816213,0.389895385758484
K765007,0.533242133612374
K634697,0.40360834146917407
K909940,0.389895385758484
K685703,0.39162548675106007
K662365,0.389895385758484
K523540,0.40187824047659787
K648784,0.389895385758484
K914990,0.5170105171945738
K732644,0.389895385758484
K998294,0.6607701970990882
K941936,0.389895385758484
K674869,0.389895385758484
K952256,0.40187824047659787
K624702,0.545224988330488
K744174,0.4186159454486185
K873132,0.40187824047659787
K864047,0.389895385758484
K566651,0.40187824047659787
K737306,0.3901599820751271
K880959,0.389895385758484
K735931,0.40187824047659787
K928319,0.389895385758484
K931360,0.389895385758484
K757163,0.40187824047659787
K893423,0.545224988330488
K761153,0.41688584445604243
K596068,0.5050276624764599
K600750,0.5467656160423753
K678135,0.389895385758484
K754669,0.402142836793241
K989362,0.389895385758484
K869764,0.389895385758484
K818930,0.6590400961065122
K962418,0.40187824047659787
K922814,0.40360834146917407
K508106,0.389895385758484
K504622,0.8023868439604022
K643277,0.40360834146917407
K607861,0.40187824047659787
K734993,0.40187824047659787
K712858,0.40187824047659787
K932872,0.40187824047659787
K897473,0.40187824047659787
K823870,0.40187824047659787
K858762,0.40187824047659787
K672507,0.40360834146917407
K522864,0.389895385758484
K992574,0.40187824047659787
K661083,0.39162548675106007
K776220,0.8023868439604022
K875363,0.39162548675106007
K563177,0.3901599820751271
K668161,0.4288686991741564
K532379,0.545224988330488
K646382,0.40360834146917407
K626895,0.40187824047659787
K811434,0.40187824047659787
K808246,0.402142836793241
K537135,0.389895385758484
K502949,0.40360834146917407
K892620,0.6590400961065122
K851330,0.40360834146917407
K952806,0.389895385758484
K669263,0.5170105171945738
K983307,0.389895385758484
K988928,0.40187824047659787
K973480,0.39162548675106007
K651368,0.389895385758484
K840636,0.39162548675106007
K583855,0.40187824047659787
K726300,0.40187824047659787
K724545,0.41715044077268554
K503578,0.40187824047659787
K540637,0.389895385758484
K564094,0.40187824047659787
K667878,0.545224988330488
K775177,0.389895385758484
K791557,0.40187824047659787
K730613,0.389895385758484
K539016,0.5387822061341873
K510460,0.40187824047659787
K783745,0.389895385758484
K736518,0.389895385758484
K905924,0.6590400961065122
K929657,0.39162548675106007
K817130,0.389895385758484
K639015,0.389895385758484
K992047,0.389895385758484
K718265,0.6607701970990882
K716445,0.389895385758484
K808455,0.389895385758484
K533414,0.40187824047659787
K929522,0.389895385758484
K818783,0.545224988330488
K852270,0.40187824047659787
K523241,0.402142836793241
K820740,0.5050276624764599
K655603,0.40187824047659787
K759657,0.389895385758484
K702169,0.389895385758484
K728838,0.40187824047659787
K911699,0.389895385758484
K792183,0.39162548675106007
K566585,0.6590400961065122
K869881,0.40187824047659787
K951518,0.39162548675106007
K851266,0.389895385758484
K756895,0.389895385758484
K992955,0.4834585437170431
K806907,0.389895385758484
K901740,0.41688584445604243
K619062,0.389895385758484
K667415,0.389895385758484
K652671,0.4403876343882321
K599211,0.3901599820751271
K744701,0.389895385758484
K781267,0.389895385758484
K513346,0.389895385758484
K786188,0.389895385758484
K799596,0.5170105171945738
K861912,0.389895385758484
K645946,0.40187824047659787
K900163,0.40187824047659787
K551473,0.389895385758484
K816700,0.389895385758484
K617021,0.389895385758484
K546693,0.40187824047659787
K514237,0.40187824047659787
K817299,0.389895385758484
K964837,0.389895385758484
K964792,0.39162548675106007
K952979,0.40187824047659787
K910241,0.8023868439604022
K750363,0.389895385758484
K598640,0.389895385758484
K932150,0.389895385758484
K770170,0.40187824047659787
K828892,0.40360834146917407
K937890,0.389895385758484
K911450,0.389895385758484
K964409,0.40187824047659787
K757959,0.389895385758484
K533799,0.389895385758484
K703647,0.6590400961065122
K937588,0.6605565718720321
K855049,0.389895385758484
K803111,0.39162548675106007
K648682,0.40187824047659787
K674012,0.8023868439604022
K775112,0.40187824047659787
K694917,0.5469550893230641
K697339,0.40187824047659787
K820134,0.6590400961065122
K980762,0.6607701970990882
K771421,0.40360834146917407
K509365,0.389895385758484
K956244,0.389895385758484
K536022,0.464772799316707
K925535,0.389895385758484
K662328,0.389895385758484
K911236,0.389895385758484
K515040,0.40187824047659787
K528757,0.389895385758484
K695548,0.4403876343882321
K860565,0.545224988330488
K536210,0.40187824047659787
K735057,0.389895385758484
K655599,0.6590400961065122
K942197,0.389895385758484
K742103,0.389895385758484
K768979,0.40187824047659787
K661099,0.389895385758484
K869450,0.389895385758484
K876687,0.40187824047659787
K612342,0.40187824047659787
K932902,0.3901599820751271
K812965,0.40187824047659787
K974223,0.41688584445604243
K926722,0.389895385758484
K928632,0.39162548675106007
K515665,0.40187824047659787
K953566,0.389895385758484
K731815,0.389895385758484
K830649,0.389895385758484
K927405,0.389895385758484
K524421,0.389895385758484
K530642,0.40187824047659787
K582150,0.389895385758484
K868263,0.389895385758484
K728098,0.40187824047659787
K597988,0.389895385758484
K643771,0.389895385758484
K743619,0.6590400961065122
K503690,0.389895385758484
K676706,0.402142836793241
K923282,0.39162548675106007
K989868,0.6590400961065122
K533080,0.40187824047659787
K502266,0.389895385758484
K618619,0.389895385758484
K954096,0.389895385758484
K646984,0.6590400961065122
K789352,0.389895385758484
K759585,0.389895385758484
K918978,0.389895385758484
K722790,0.39162548675106007
K767227,0.6590400961065122
K850175,0.6593046924231553
K522505,0.545489584647131
K904953,0.389895385758484
K716038,0.389895385758484
K724786,0.40360834146917407
K815295,0.389895385758484
K769062,0.40187824047659787
K526535,0.6590400961065122
K962967,0.389895385758484
K768869,0.40187824047659787
K910413,0.389895385758484
K745364,0.41688584445604243
K977528,0.389895385758484
K633824,0.4403876343882321
K534441,0.40187824047659787
K819818,0.40187824047659787
K925703,0.389895385758484
K980869,0.40187824047659787
K719274,0.389895385758484
K978219,0.389895385758484
K648770,0.5387822061341873
K609989,0.389895385758484
K874759,0.389895385758484
K916676,0.5467656160423753
K694226,0.389895385758484
K743551,0.389895385758484
K573724,0.40360834146917407
K737396,0.5467656160423753
K778971,0.389895385758484
K906475,0.41688584445604243
K924417,0.40187824047659787
K846562,0.5267993514160733
K595506,0.3901599820751271
K531597,0.40187824047659787
K542081,0.40360834146917407
K705533,0.5267993514160733
K834020,0.6590400961065122
K745035,0.6590400961065122
K613224,0.389895385758484
K948335,0.389895385758484
K561499,0.6607701970990882
K977416,0.39162548675106007
K891626,0.389895385758484
K635366,0.389895385758484
K915767,0.389895385758484
K664787,0.545224988330488
K788186,0.5467656160423753
K681193,0.389895385758484
K864918,0.40187824047659787
K750554,0.40360834146917407
K537626,0.40360834146917407
K721520,0.389895385758484
K813526,0.39162548675106007
K995947,0.545224988330488
K975022,0.389895385758484
K830692,0.6607701970990882
K787431,0.40360834146917407
K969994,0.389895385758484
K930412,0.40187824047659787
K961199,0.5467656160423753
K839559,0.40187824047659787
K619077,0.40360834146917407
K685016,0.389895385758484
K854630,0.40187824047659787
K847855,0.40360834146917407
K828409,0.5390468024508304
K626736,0.40541121972502003
K866742,0.5347827613242613
K697878,0.40187824047659787
K756645,0.40187824047659787
K557121,0.40187824047659787
K911753,0.40187824047659787
K904584,0.40187824047659787
K893656,0.40187824047659787
K872604,0.389895385758484
K684965,0.40187824047659787
K942847,0.389895385758484
K512449,0.545224988330488
K900514,0.39162548675106007
K532683,0.40187824047659787
K626543,0.389895385758484
K503939,0.40187824047659787
K646917,0.40187824047659787
K982680,0.3901599820751271
K566467,0.39162548675106007
K763292,0.40187824047659787
K559087,0.402142836793241
K513761,0.389895385758484
K814285,0.6590400961065122
K980659,0.545224988330488
K817755,0.389895385758484
K634875,0.389895385758484
K926513,0.40187824047659787
K628969,0.389895385758484
K693827,0.7240882810973018
K945380,0.389895385758484
K737172,0.40187824047659787
K650610,0.39162548675106007
K740736,0.389895385758484
K908994,0.389895385758484
K597065,0.43865753339565594
K562262,0.389895385758484
K814728,0.6590400961065122
K972806,0.40187824047659787
K933430,0.6590400961065122
K855778,0.402142836793241
K508320,0.545224988330488
K946689,0.5467656160423753
K891889,0.389895385758484
K559293,0.389895385758484
K707984,0.4288686991741564
K566345,0.40187824047659787
K710404,0.389895385758484
K636743,0.389895385758484
K843965,0.6590400961065122
K757164,0.5335067299290172
K967604,0.389895385758484
K550108,0.389895385758484
K938748,0.389895385758484
K970546,0.389895385758484
K776925,0.6590400961065122
K930956,0.389895385758484
K964920,0.40187824047659787
K558923,0.545224988330488
K916740,0.6590400961065122
K945462,0.6590400961065122
K800136,0.6590400961065122
K841803,0.389895385758484
K754248,0.6590400961065122
K667164,0.4305988001667325
K949543,0.389895385758484
K580182,0.6590400961065122
K621291,0.39162548675106007
K698429,0.389895385758484
K999466,0.6590400961065122
K902573,0.389895385758484
K937468,0.40187824047659787
K517925,0.389895385758484
K912905,0.389895385758484
K683234,0.40187824047659787
K755983,0.43865753339565594
K508962,0.40187824047659787
K754793,0.40187824047659787
K743107,0.40187824047659787
K679355,0.402142836793241
K925544,0.40187824047659787
K821009,0.39162548675106007
K541933,0.40187824047659787
K533037,0.40187824047659787
K747778,0.39162548675106007
K698255,0.389895385758484
K810857,0.40187824047659787
K618408,0.389895385758484
K849881,0.389895385758484
K939066,0.533242133612374
K985449,0.40187824047659787
K509878,0.389895385758484
K825337,0.4506403881137699
K564508,0.389895385758484
K644595,0.6590400961065122
K681783,0.40360834146917407
K956451,0.389895385758484
K649426,0.40187824047659787
K912742,0.389895385758484
K741894,0.40187824047659787
K744492,0.40187824047659787
K880758,0.3901599820751271
K835312,0.40187824047659787
K949559,0.40187824047659787
K768210,0.389895385758484
K729866,0.3901599820751271
K973245,0.40187824047659787
K636236,0.3901599820751271
K731537,0.40187824047659787
K698336,0.389895385758484
K939844,0.6607701970990882
K653534,0.40187824047659787
K553977,0.40187824047659787
K740478,0.40187824047659787
K504210,0.40187824047659787
K998640,0.389895385758484
K794793,0.40187824047659787
K829910,0.40187824047659787
K784676,0.389895385758484
K781600,0.389895385758484
K899062,0.389895385758484
K753481,0.389895385758484
K573940,0.4288686991741564
K687361,0.545224988330488
K993349,0.45156807359310863
K744231,0.6607701970990882
K701220,0.545224988330488
K608119,0.41715044077268554
K768515,0.40187824047659787
K802946,0.389895385758484
K652432,0.6590400961065122
K607642,0.39162548675106007
K831958,0.40187824047659787
K537609,0.389895385758484
K993232,0.39162548675106007
K565121,0.5234532993908746
K854009,0.389895385758484
K879662,0.389895385758484
K661843,0.4186159454486185
K512113,0.389895385758484
K962474,0.40187824047659787
K946425,0.389895385758484
K866739,0.389895385758484
K547474,0.6590400961065122
K697423,0.389895385758484
K703943,0.5349722346049502
K776204,0.40187824047659787
K993593,0.40187824047659787
K734490,0.40360834146917407
K628175,0.39162548675106007
K956736,0.389895385758484
K663624,0.40187824047659787
K625803,0.8023868439604022
K902882,0.40187824047659787
K807776,0.6728258290804721
K998564,0.545224988330488
K523288,0.7240882810973018
K695293,0.389895385758484
K965405,0.389895385758484
K511185,0.40187824047659787
K867046,0.40187824047659787
K987738,0.40187824047659787
K552469,0.39162548675106007
K722289,0.39162548675106007
K798076,0.389895385758484
K999350,0.389895385758484
K589613,0.40187824047659787
K568025,0.40360834146917407
K858693,0.402142836793241
K641186,0.40360834146917407
K905719,0.39162548675106007
K782006,0.40187824047659787
K538396,0.39162548675106007
K701645,0.40360834146917407
K522942,0.40187824047659787
K532978,0.40187824047659787
K621014,0.40187824047659787
K810164,0.389895385758484
K991792,0.389895385758484
K782400,0.389895385758484
K569974,0.389895385758484
K945703,0.389895385758484
K619324,0.389895385758484
K872867,0.40187824047659787
K521431,0.41688584445604243
K746916,0.40187824047659787
K912258,0.40187824047659787
K941103,0.40187824047659787
K512043,0.389895385758484
K842745,0.6607701970990882
K992345,0.40187824047659787
K851600,0.389895385758484
K738724,0.389895385758484
K757623,0.389895385758484
K686654,0.40187824047659787
K583941,0.389895385758484
K631378,0.545224988330488
K821096,0.3901599820751271
K669212,0.389895385758484
K653898,0.5467656160423753
K949614,0.5050276624764599
K953807,0.40187824047659787
K502149,0.6590400961065122
K633260,0.3901599820751271
K876682,0.389895385758484
K551676,0.389895385758484
K770221,0.389895385758484
K998827,0.40187824047659787
K737775,0.4156639734505579
K628613,0.389895385758484
K542700,0.40360834146917407
K683439,0.389895385758484
K538111,0.3901599820751271
K951121,0.39162548675106007
K646382,0.5387822061341873
K663869,0.389895385758484
K804090,0.389895385758484
K612835,0.5285294524086495
K581182,0.6590400961065122
K523299,0.39162548675106007
K976368,0.40187824047659787
K841384,0.40187824047659787
K918993,0.40187824047659787
K518663,0.6590400961065122
K789458,0.40187824047659787
K998556,0.40187824047659787
K514383,0.6877606557966466
K758196,0.6590400961065122
K519516,0.40187824047659787
K778652,0.40360834146917407
K504782,0.39162548675106007
K802537,0.5467656160423753
K630360,0.40187824047659787
K868846,0.40187824047659787
K632374,0.39162548675106007
K787423,0.389895385758484
K824315,0.389895385758484
K605679,0.6590400961065122
K660565,0.6593046924231553
K982027,0.40187824047659787
K975484,0.8023868439604022
K909538,0.39162548675106007
K745190,0.39162548675106007
K662800,0.389895385758484
K977735,0.389895385758484
K704347,0.389895385758484
K902780,0.40368111873244394
K700796,0.7219346549466212
K972508,0.389895385758484
K978237,0.389895385758484
K632732,0.39162548675106007
K916560,0.389895385758484
K659024,0.389895385758484
K701183,0.389895385758484
K640174,0.6590400961065122
K866680,0.40187824047659787
K617759,0.389895385758484
K954006,0.40368111873244394
K534233,0.40187824047659787
K536249,0.6590400961065122
K853129,0.389895385758484
K624262,0.6593046924231553
K778917,0.40187824047659787
K726704,0.40187824047659787
K842118,0.40360834146917407
K578055,0.389895385758484
K816432,0.5469550893230641
K762552,0.6590400961065122
K511127,0.40187824047659787
K652878,0.39162548675106007
K644924,0.389895385758484
K923672,0.40187824047659787
K971829,0.40187824047659787
K763914,0.389895385758484
K609112,0.545224988330488
K684136,0.389895385758484
K766435,0.389895385758484
K724210,0.6590400961065122
K718303,0.40187824047659787
K825622,0.389895385758484
K917256,0.6590400961065122
K837104,0.389895385758484
K962419,0.5467656160423753
K522941,0.389895385758484
K699367,0.389895385758484
K956981,0.40187824047659787
K673312,0.402142836793241
K955894,0.40187824047659787
K600188,0.40187824047659787
K727458,0.389895385758484
K967704,0.40187824047659787
K819010,0.4506403881137699
K879432,0.6590400961065122
K704947,0.4288686991741564
K820381,0.389895385758484
K892906,0.6590400961065122
K853073,0.40360834146917407
K793117,0.545224988330488
K805409,0.389895385758484
K808208,0.40360834146917407
K514041,0.389895385758484
K976314,0.8443220191232593
K561251,0.402142836793241
K695220,0.40360834146917407
K944314,0.40187824047659787
K523610,0.40360834146917407
K916078,0.389895385758484
K729059,0.389895385758484
K919660,0.39162548675106007
K695150,0.6590400961065122
K998040,0.40187824047659787
K548316,0.3901599820751271
K837343,0.545224988330488
K507705,0.40187824047659787
K597323,0.389895385758484
K879848,0.39162548675106007
K523579,0.389895385758484
K605517,0.40187824047659787
K797517,0.5467656160423753
K801941,0.6593046924231553
K664341,0.40187824047659787
K664282,0.40360834146917407
K706910,0.40187824047659787
K778677,0.545224988330488
K686257,0.40187824047659787
K589106,0.40187824047659787
K947496,0.4765574264005394
K591508,0.40187824047659787
K773574,0.389895385758484
K668840,0.389895385758484
K950106,0.7240882810973018
K939947,0.389895385758484
K696693,0.545224988330488
K899684,0.6607701970990882
K966150,0.389895385758484
K594179,0.389895385758484
K508910,0.389895385758484
K602542,0.45156807359310863
K613788,0.389895385758484
K832620,0.40187824047659787
K652022,0.389895385758484
K807631,0.389895385758484
K638746,0.40187824047659787
K777238,0.5387822061341873
K636400,0.5234532993908746
K912928,0.389895385758484
K525493,0.40187824047659787
K700461,0.39162548675106007
K665659,0.40187824047659787
K708996,0.389895385758484
K856566,0.41688584445604243
K645293,0.6607701970990882
K835301,0.6590400961065122
K692172,0.389895385758484
K938620,0.40187824047659787
K617876,0.4714991149313979
K712538,0.40187824047659787
K893344,0.39162548675106007
K905995,0.389895385758484
K837652,0.40187824047659787
K529469,0.39162548675106007
K585536,0.40187824047659787
K740397,0.41688584445604243
K563937,0.389895385758484
K597062,0.39162548675106007
K560226,0.39162548675106007
K735548,0.5170105171945738
K754550,0.389895385758484
K644082,0.389895385758484
K948327,0.389895385758484
K533296,0.39162548675106007
K746903,0.389895385758484
K988358,0.5170105171945738
K874599,0.389895385758484
K800110,0.6590400961065122
K758942,0.39162548675106007
K655937,0.402142836793241
K782197,0.40187824047659787
K735736,0.40187824047659787
K853875,0.6590400961065122
K534136,0.389895385758484
K609444,0.40187824047659787
K973846,0.389895385758484
K601861,0.40187824047659787
K532310,0.40187824047659787
K908811,0.40360834146917407
K854729,0.40187824047659787
K795982,0.6590400961065122
K683969,0.389895385758484
K658154,0.39162548675106007
K587937,0.3901599820751271
K893335,0.389895385758484
K853281,0.40360834146917407
K855263,0.402142836793241
K990679,0.389895385758484
K695669,0.43865753339565594
K724563,0.40187824047659787
K588837,0.40187824047659787
K517192,0.39162548675106007
K525889,0.6590400961065122
K992563,0.5187406181871499
K779583,0.40187824047659787
K580613,0.40187824047659787
K731536,0.6590400961065122
K937124,0.40187824047659787
K620039,0.545224988330488
K863901,0.389895385758484
K546804,0.40187824047659787
K526221,0.40187824047659787
K712610,0.40187824047659787
K823507,0.389895385758484
K889900,0.40187824047659787
K812420,0.40187824047659787
K869446,0.40187824047659787
K842426,0.40187824047659787
K655485,0.40187824047659787
K991794,0.6590400961065122
K892656,0.40187824047659787
K691409,0.40187824047659787
K948834,0.3901599820751271
K861849,0.5467656160423753
K661082,0.389895385758484
K580155,0.40360834146917407
K917748,0.389895385758484
K525799,0.389895385758484
K917118,0.5467656160423753
K662156,0.389895385758484
K549600,0.40187824047659787
K678535,0.389895385758484
K515097,0.6590400961065122
K608363,0.40187824047659787
K562617,0.389895385758484
K650960,0.389895385758484
K824350,0.40187824047659787
K981181,0.40187824047659787
K551133,0.389895385758484
K778978,0.39162548675106007
K828088,0.389895385758484
K615290,0.389895385758484
K699037,0.389895385758484
K978912,0.39162548675106007
K763608,0.5469550893230641
K979632,0.6590400961065122
K744908,0.7240882810973018
K630945,0.40187824047659787
K993904,0.389895385758484
K700278,0.40187824047659787
K794268,0.4156639734505579
K604197,0.39162548675106007
K568890,0.389895385758484
K831463,0.389895385758484
K721135,0.389895385758484
K664050,0.39162548675106007
K527942,0.40187824047659787
K514756,0.389895385758484
K805345,0.389895385758484
K633399,0.389895385758484
K899559,0.389895385758484
K576207,0.40187824047659787
K741420,0.389895385758484
K796714,0.389895385758484
K774254,0.3901599820751271
K992706,0.389895385758484
K989471,0.39162548675106007
K929261,0.40187824047659787
K558778,0.40187824047659787
K742691,0.40187824047659787
K808125,0.389895385758484
K679735,0.389895385758484
K883488,0.6669993540683329
K618980,0.389895385758484
K647051,0.6590400961065122
K798561,0.40187824047659787
K721315,0.402142836793241
K764707,0.40187824047659787
K591576,0.389895385758484
K524839,0.389895385758484
K500247,0.389895385758484
K702960,0.389895385758484
K544964,0.40187824047659787
K637485,0.389895385758484
K547559,0.5467656160423753
K805738,0.533242133612374
K820138,0.40360834146917407
K657483,0.402142836793241
K594219,0.3901599820751271
K844650,0.40187824047659787
K699705,0.6590400961065122
K903784,0.389895385758484
K568550,0.545224988330488
K863095,0.389895385758484
K889473,0.4506403881137699
K525953,0.40187824047659787
K680677,0.4186159454486185
K508644,0.5469550893230641
K988457,0.389895385758484
K613136,0.389895385758484
K840098,0.39162548675106007
K624772,0.40187824047659787
K757537,0.545224988330488
K902681,0.40187824047659787
K929694,0.40187824047659787
K972168,0.39162548675106007
K876738,0.389895385758484
K785889,0.40187824047659787
K735635,0.3901599820751271
K873098,0.389895385758484
K591059,0.40187824047659787
K726822,0.389895385758484
K998470,0.40187824047659787
K762779,0.40187824047659787
K671736,0.6590400961065122
K632600,0.40360834146917407
K717728,0.545224988330488
K766888,0.3901599820751271
K689673,0.545224988330488
K596680,0.8041169449529784
K614165,0.40187824047659787
K585714,0.389895385758484
K634262,0.389895385758484
K911521,0.40187824047659787
K518929,0.3901599820751271
K718817,0.389895385758484
K775238,0.40187824047659787
K740208,0.533242133612374
K849060,0.389895385758484
K926649,0.389895385758484
K888331,0.389895385758484
K702855,0.40187824047659787
K943552,0.6590400961065122
K579027,0.3901599820751271
K995920,0.40360834146917407
K650723,0.389895385758484
K821092,0.389895385758484
K534601,0.389895385758484
K629481,0.40187824047659787
K659299,0.40187824047659787
K810907,0.389895385758484
K684505,0.40187824047659787
K919248,0.40187824047659787
K987777,0.5103119700582668
K994886,0.39162548675106007
K554074,0.4156639734505579
K548223,0.3901599820751271
K673861,0.40187824047659787
K851759,0.41688584445604243
K634852,0.389895385758484
K701524,0.40187824047659787
K742061,0.6590400961065122
K850161,0.389895385758484
K875225,0.389895385758484
K533607,0.39162548675106007
K774278,0.40187824047659787
K798988,0.389895385758484
K612478,0.40360834146917407
K740612,0.389895385758484
K644661,0.389895385758484
K641486,0.41688584445604243
K741977,0.545224988330488
K939461,0.40187824047659787
K746812,0.389895385758484
K636354,0.4239280681978548
K832239,0.389895385758484
K775820,0.389895385758484
K951210,0.40187824047659787
K831902,0.40187824047659787
K997934,0.389895385758484
K840819,0.389895385758484
K920124,0.40368111873244394
K632410,0.5467656160423753
K797632,0.40187824047659787
K577007,0.40187824047659787
K921205,0.39162548675106007
K564779,0.7510787397948603
K839234,0.389895385758484
K785453,0.389895385758484
K516647,0.7240882810973018
K680036,0.389895385758484
K829126,0.40187824047659787
K820075,0.5467656160423753
K803314,0.41688584445604243
K811791,0.7240882810973018
K837754,0.40187824047659787
K740914,0.6590400961065122
K574453,0.6590400961065122
K681272,0.389895385758484
K833225,0.6590400961065122
K971655,0.6607701970990882
K515709,0.389895385758484
K659847,0.389895385758484
K625336,0.5387822061341873
K594970,0.389895385758484
K916315,0.4186159454486185
K594557,0.39162548675106007
K973882,0.40187824047659787
K592002,0.40187824047659787
K752499,0.389895385758484
K958647,0.389895385758484
K628218,0.389895385758484
K873498,0.43892212971229905
K661138,0.41688584445604243
K685375,0.40187824047659787
K629207,0.40187824047659787
K586523,0.533242133612374
K524882,0.5170105171945738
K800276,0.40187824047659787
K950331,0.5267993514160733
K584761,0.389895385758484
K659896,0.40187824047659787
K565316,0.545224988330488
K741724,0.545224988330488
K690887,0.40187824047659787
K938813,0.389895385758484
K755369,0.39162548675106007
K968689,0.389895385758484
K850756,0.39162548675106007
K695682,0.40187824047659787
K843794,0.40187824047659787
K677078,0.5737560747399337
K692670,0.40187824047659787
K642533,0.40187824047659787
K779115,0.389895385758484
K545728,0.40187824047659787
K538637,0.40187824047659787
K633551,0.389895385758484
K810249,0.545224988330488
K695563,0.389895385758484
K709162,0.40187824047659787
K732622,0.389895385758484
K502495,0.389895385758484
K877405,0.545224988330488
K570807,0.39162548675106007
K644840,0.40187824047659787
K541984,0.6590400961065122
K627537,0.389895385758484
K660012,0.40187824047659787
K631841,0.389895385758484
K958194,0.389895385758484
K701637,0.389895385758484
K623674,0.389895385758484
K859222,0.389895385758484
K891895,0.40187824047659787
K791214,0.40187824047659787
K854700,0.389895385758484
K667624,0.40187824047659787
K856157,0.40187824047659787
K500790,0.389895385758484
K534506,0.40187824047659787
K844039,0.389895385758484
K894380,0.389895385758484
K705518,0.389895385758484
K564784,0.8443220191232593
K513946,0.389895385758484
K804459,0.3901599820751271
K667218,0.3901599820751271
K645652,0.40187824047659787
K588080,0.389895385758484
K799300,0.40187824047659787
K941506,0.40187824047659787
K766673,0.6593046924231553
K796571,0.4156639734505579
K735172,0.7240882810973018
K848826,0.389895385758484
K863494,0.40360834146917407
K715573,0.3901599820751271
K681717,0.545224988330488
K684789,0.40187824047659787
K856470,0.389895385758484
K958300,0.7240882810973018
K632996,0.43865753339565594
K831538,0.389895385758484
K955080,0.40187824047659787
K597512,0.389895385758484
K888527,0.389895385758484
K900153,0.389895385758484
K727388,0.40187824047659787
K604056,0.41688584445604243
K800570,0.40187824047659787
K524847,0.389895385758484
K819196,0.389895385758484
K573444,0.389895385758484
K779687,0.389895385758484
K899685,0.40360834146917407
K540562,0.545489584647131
K638302,0.389895385758484
K854218,0.389895385758484
K844939,0.40187824047659787
K775219,0.389895385758484
K995580,0.4288686991741564
K656616,0.41688584445604243
K515067,0.402142836793241
K976977,0.389895385758484
K917521,0.40187824047659787
K596388,0.40360834146917407
K653791,0.40187824047659787
K949608,0.40187824047659787
K783330,0.6590400961065122
K739907,0.389895385758484
K944586,0.440049154336241
K949898,0.40187824047659787
K596554,0.40360834146917407
K792637,0.40187824047659787
K574999,0.40187824047659787
K676674,0.6605565718720321
K530610,0.40187824047659787
K531004,0.389895385758484
K816842,0.545224988330488
K664617,0.40187824047659787
K666447,0.389895385758484
K540838,0.40187824047659787
K583211,0.389895385758484
K528646,0.389895385758484
K628409,0.40187824047659787
K838095,0.39162548675106007
K726506,0.39162548675106007
K882026,0.40187824047659787
K554134,0.5390468024508304
K685540,0.39162548675106007
K862467,0.545224988330488
K591663,0.40187824047659787
K679436,0.5469550893230641
K876161,0.40187824047659787
K628081,0.40187824047659787
K630988,0.40360834146917407
K541117,0.40187824047659787
K621700,0.3901599820751271
K643917,0.389895385758484
K980530,0.40360834146917407
K642830,0.6590400961065122
K974228,0.389895385758484
K572593,0.40187824047659787
K796802,0.389895385758484
K923986,0.389895385758484
K885168,0.389895385758484
K608768,0.545224988330488
K639398,0.389895385758484
K570580,0.545489584647131
K924376,0.389895385758484
K749867,0.389895385758484
K823366,0.40187824047659787
K871120,0.389895385758484
K840273,0.389895385758484
K749728,0.5234532993908746
K608723,0.5387822061341873
K553721,0.40187824047659787
K518774,0.40187824047659787
K801738,0.4288686991741564
K837369,0.8272880031494297
K747598,0.389895385758484
K847550,0.40360834146917407
K532157,0.389895385758484
K840633,0.389895385758484
K639822,0.40187824047659787
K643169,0.389895385758484
K888866,0.40187824047659787
K596439,0.389895385758484
K954656,0.40187824047659787
K720469,0.389895385758484
K810516,0.389895385758484
K688801,0.40187824047659787
K731117,0.6590400961065122
K708258,0.389895385758484
K504535,0.40187824047659787
K554673,0.6590400961065122
K928773,0.40360834146917407
K807342,0.40187824047659787
K989180,0.3901599820751271
K523923,0.5170105171945738
K643238,0.6590400961065122
K550375,0.389895385758484
K915523,0.389895385758484
K949854,0.40187824047659787
K975769,0.40187824047659787
K599643,0.40187824047659787
K637977,0.5387822061341873
K837230,0.389895385758484
K606433,0.6590400961065122
K927419,0.389895385758484
K808449,0.39162548675106007
K764149,0.40187824047659787
K823481,0.39162548675106007
K562973,0.7471819141269296
K590087,0.389895385758484
K888162,0.6590400961065122
K987214,0.389895385758484
K956537,0.6590400961065122
K978520,0.402142836793241
K840320,0.5467656160423753
K680734,0.40187824047659787
K582528,0.389895385758484
K975153,0.40187824047659787
K802558,0.5467656160423753
K900616,0.389895385758484
K779392,0.3901599820751271
K947277,0.389895385758484
K888520,0.39162548675106007
K687794,0.389895385758484
K813825,0.8041169449529784
K548779,0.7240882810973018
K613611,0.40187824047659787
K554225,0.40360834146917407
K872291,0.389895385758484
K762123,0.40187824047659787
K588314,0.40187824047659787
K826807,0.40187824047659787
K982731,0.40187824047659787
K623037,0.40187824047659787
K883413,0.389895385758484
